feature,importance
address_fuzz_token_set,0.13213336
address_fuzz_token_sort,0.105199166
address_fuzz_partial,0.099470355
name_fuzz_ratio,0.08822995
address_fuzz_ratio,0.08251995
name_no_suffix_fuzz,0.081467964
name_fuzz_token_sort,0.08032499
name_jaccard,0.07711233
name_fuzz_token_set,0.075983785
address_overlap,0.05504767
name_fuzz_partial,0.04917309
address_jaccard,0.036631495
address_token_intersection,0.024737034
name_length_diff,0.009641086
address_numbers_jaccard,0.0023278047
name_exact,0.0
name_token_intersection,0.0
name_no_suffix_exact,0.0
name_alnum_exact,0.0
name_overlap,0.0
address_alnum_exact,0.0
address_exact,0.0
house_number_exact,0.0
postal_exact,0.0
country_exact,0.0
name_missing_either,0.0
address_missing_either,0.0
