threshold,precision,recall,f0_5,predicted_positive_pairs
0.1,0.231,1.0,0.2729851099030962,1000
0.11,0.231,1.0,0.2729851099030962,1000
0.12,0.231,1.0,0.2729851099030962,1000
0.13,0.231,1.0,0.2729851099030962,1000
0.14,0.231,1.0,0.2729851099030962,1000
0.15,0.231,1.0,0.2729851099030962,1000
0.16,0.231,1.0,0.2729851099030962,1000
0.17,0.231,1.0,0.2729851099030962,1000
0.18,0.231,1.0,0.2729851099030962,1000
0.19,0.231,1.0,0.2729851099030962,1000
0.2,0.231,1.0,0.2729851099030962,1000
0.21,0.231,1.0,0.2729851099030962,1000
0.22,0.231,1.0,0.2729851099030962,1000
0.23,0.231,1.0,0.2729851099030962,1000
0.24,0.231,1.0,0.2729851099030962,1000
0.25,0.25524861878453037,1.0,0.29992209815632304,905
0.26,0.26705202312138726,1.0,0.31292332701164993,865
0.27,0.28911138923654567,1.0,0.3370294718412606,799
0.28,0.3063660477453581,1.0,0.3557129658145981,754
0.29,0.32127955493741306,1.0,0.37174122948181526,719
0.3,0.32217573221757323,1.0,0.3727008712487899,717
0.31,0.3271954674220963,1.0,0.3780687397708674,706
0.32,0.33189655172413796,1.0,0.38308457711442784,696
0.33,0.3422222222222222,1.0,0.3940634595701126,675
0.34,0.34789156626506024,1.0,0.4000692760651195,664
0.35,0.36037441497659906,1.0,0.41323792486583183,641
0.36,0.3707865168539326,1.0,0.4241645244215938,623
0.37,0.3768352365415987,1.0,0.43048825941110697,613
0.38,0.3780687397708674,1.0,0.43177570093457945,611
0.39,0.3793103448275862,1.0,0.4330708661417323,609
0.4,0.38308457711442784,1.0,0.4370034052213394,603
0.41,0.3843594009983361,1.0,0.43833017077798864,601
0.42,0.385,1.0,0.43899657924743446,600
0.43,0.38823529411764707,1.0,0.44235924932975873,595
0.44,0.39487179487179486,1.0,0.4492415402567094,585
0.45,0.39759036144578314,1.0,0.4520547945205479,581
0.46,0.4003466204506066,1.0,0.454903505317054,577
0.47,0.40669014084507044,1.0,0.4614462644826209,568
0.48,0.4117647058823529,1.0,0.4666666666666667,561
0.49,0.414721723518851,1.0,0.46970313135420905,557
0.5,0.41696750902527074,1.0,0.4720065386187168,554
0.51,0.42,1.0,0.4751131221719457,550
0.52,0.42230347349177333,1.0,0.4774700289375775,547
0.53,0.42463235294117646,1.0,0.4798504362276693,544
0.54,0.42857142857142855,1.0,0.4838709677419355,539
0.55,0.43177570093457945,1.0,0.48713622943905527,535
0.56,0.4358490566037736,1.0,0.49128030625265845,530
0.57,0.44337811900191937,1.0,0.49892008639308855,521
0.58,0.451171875,1.0,0.5068012286090391,512
0.59,0.4538310412573674,1.0,0.5094838994265549,509
0.6,0.4601593625498008,1.0,0.5158552925413131,502
0.61,0.46292585170340683,1.0,0.5186349348899866,499
0.62,0.4657258064516129,1.0,0.5214446952595937,496
0.63,0.4714285714285714,1.0,0.5271565495207667,490
0.64,0.4802494802494803,1.0,0.5359628770301624,481
0.65,0.4883720930232558,1.0,0.5440414507772021,473
0.66,0.49148936170212765,1.0,0.547134059687352,470
0.67,0.4978448275862069,1.0,0.5534259702922856,464
0.68,0.5,1.0,0.5555555555555556,462
0.69,0.506578947368421,1.0,0.5620437956204379,456
0.7,0.5099337748344371,1.0,0.5653450807635829,453
0.71,0.5179372197309418,1.0,0.5732009925558312,446
0.72,0.5226244343891403,1.0,0.5777888944472236,442
0.73,0.5261958997722096,1.0,0.5812783090085556,439
0.74,0.528604118993135,1.0,0.5836280949974735,437
0.75,0.5310344827586206,1.0,0.5859969558599696,435
0.76,0.5359628770301624,1.0,0.5907928388746803,431
0.77,0.5384615384615384,1.0,0.5932203389830508,429
0.78,0.5435294117647059,1.0,0.5981356809943035,425
0.79,0.54739336492891,1.0,0.6018759770713914,422
0.8,0.5513126491646778,1.0,0.6056633455689565,419
0.81,0.5552884615384616,1.0,0.6094986807387863,416
0.82,0.5579710144927537,1.0,0.6120826709062003,414
0.83,0.5620437956204379,1.0,0.616,411
0.84,0.5634146341463414,1.0,0.6173169428113309,410
0.85,0.5675675675675675,1.0,0.621301775147929,407
0.86,0.5703703703703704,1.0,0.6239870340356564,405
0.87,0.5703703703703704,1.0,0.6239870340356564,405
0.88,0.5732009925558312,1.0,0.626695604991861,403
0.89,0.5746268656716418,1.0,0.6280587275693311,402
0.9,0.5760598503740648,1.0,0.6294277929155313,401
0.91,0.5760598503740648,1.0,0.6294277929155313,401
0.92,0.5833333333333334,1.0,0.6363636363636364,396
0.93,0.5862944162436549,1.0,0.6391809629219701,394
0.94,0.5923076923076923,1.0,0.644891122278057,390
0.95,0.6015625,1.0,0.6536502546689303,384
